profile pic,nums/length username,fullname words,nums/length fullname,name==username,description length,external URL,private,#posts,#followers,#follows
1,0.27,0,0.0,0,0.8063854289077521,0,0,-0.18793215751471626,-0.09271071570223889,0.48694486498860534
1,0.0,2,0.0,0,0.5674700683626422,0,0,0.4444036681840338,-0.09079727798605886,0.026840911579068073
1,0.1,2,0.0,0,-0.6005605831912281,0,1,-0.2352328688858826,-0.0936355439317259,-0.4474368603004312
1,0.0,1,0.0,0,1.5762238128864394,0,0,1.4227815402297375,-0.09335512633538919,0.15549557153718513
1,0.0,2,0.0,0,-0.6005605831912281,0,1,-0.2526594467594702,-0.09364434134651295,-0.4169086359035899
1,0.0,4,0.0,0,1.5496776617147607,1,0,0.588795313422331,0.6429588000645055,-0.39074158642058304
1,0.0,2,0.0,0,0.7267469753927155,0,0,-0.22776433551148792,-0.09367623197511595,-0.3613036557522003
1,0.0,2,0.0,0,-0.6005605831912281,0,0,-0.18544264638991803,-0.0926249409080653,-0.47142332232652084
1,0.0,0,0.0,0,1.2842161499979718,0,0,-0.08835171252278712,-0.09180458197917432,2.403681239618858
1,0.0,2,0.0,0,0.46128546367592677,1,0,0.2626693560737631,-0.07957507574834777,0.3321231555474814
1,0.0,2,0.0,0,0.832931580079431,0,0,1.3456066953609924,-0.0829411865812369,0.7246288977925843
1,0.0,2,0.0,0,0.832931580079431,1,0,-0.07839366802359421,-0.09250397645474358,-0.15632843480197994
1,0.0,2,0.0,0,-0.6005605831912281,1,0,0.4742778016816126,-0.09277119792889976,0.08135559800199903
1,0.0,2,0.0,0,2.133692987491696,1,0,0.023676288093133165,-0.08057798103406973,-0.2838928010316384
1,0.0,2,0.0,0,2.0009622316333013,1,0,0.9447954042684777,-0.09165282657409797,2.3905977148773543
1,0.0,3,0.0,0,0.6205623707060001,0,0,0.3647393121904905,-0.03841527099035774,0.42697870992338127
1,0.0,3,0.0,0,-0.6005605831912281,0,0,-0.1207153571451641,-0.08610495687402425,-0.23919075816483498
1,0.29,3,0.0,0,0.6736546730493578,0,0,3.6409359524249596,-0.09256995706564634,0.20237820186090574
1,0.0,2,0.0,0,1.071846940624541,1,0,0.6734386916654709,-0.05568459621730678,1.4932859763559108
1,0.0,2,0.0,0,2.2133314410067326,1,0,1.0418863381356087,-0.09123934807910734,0.2917822875945125
1,0.0,2,0.0,0,0.46128546367592677,0,0,0.30001202294573653,-0.0899439287517165,0.5349177890407846
1,0.0,1,0.0,0,0.32855470781753243,1,1,-0.18046362414032158,-0.09182107713190002,-0.10072345465059036
1,0.0,2,0.0,0,0.19582395195913807,0,0,0.4319561125600427,-0.09334083053636025,-0.04184759331382493
1,0.0,1,0.0,0,0.11618549844410145,0,0,0.4419141570592356,-0.09297573782269831,0.48803515871706393
1,0.0,0,0.0,0,-0.6005605831912281,0,0,0.10085113296187825,16.773624734036005,-0.48777772825340016
1,0.0,1,0.0,0,2.292969894521769,1,1,-0.12569437939476055,-0.09369052777414488,-0.35912306829528307
1,0.0,6,0.0,0,-0.6005605831912281,0,1,-0.2252748243866897,-0.0932209657598869,0.1707596837356058
1,0.0,2,0.0,0,2.903531371470383,1,0,1.0045436712636353,0.03963979170760726,-0.36239394948065895
1,0.0,2,0.0,0,2.74425446444031,1,0,0.304991045195333,-0.09129873062891983,-0.4125474609897554
1,0.0,2,0.0,0,2.6380698597535943,0,1,-0.23025384663628615,-0.09360585265681967,-0.3645745369375762
1,0.0,2,0.0,0,3.0628082785004564,0,1,2.1721243887940043,-0.09305491455578163,1.0996899403823492
1,0.13,0,0.0,0,-0.6005605831912281,0,1,-0.13565242389395346,-0.0927481047150838,0.48367398380322946
1,0.0,2,0.0,0,0.7267469753927155,0,1,0.008739221344343793,-0.09361574974845509,-0.36893571185141066
1,0.0,2,0.0,0,0.32855470781753243,0,0,1.5223619852216668,-0.092992232975424,0.5000283897301088
1,0.0,2,0.0,0,0.8860238824227888,1,0,2.6301944357568785,0.5022947356809115,0.18057232729173336
1,0.18,2,0.0,0,-0.36164522264611826,0,0,0.96969051551646,5.751687946213828,2.3927783023342717
1,0.33,0,0.0,0,-0.6005605831912281,0,1,-0.22278531326189147,-0.09351677883210094,-0.19666930275494884
1,0.0,2,0.0,0,1.5496776617147607,0,0,-0.14312095726834814,-0.09305051584838811,0.18711408966248508
1,0.0,2,0.0,0,2.956623673813741,0,1,-0.08337269027319066,-0.0936784313288127,-0.43217274810201056
1,0.0,2,0.0,0,-0.6005605831912281,0,0,-0.24768042450987374,-0.09369492648153839,-0.4474368603004312
1,0.0,0,0.0,0,-0.5474682808478704,0,0,18.127401187625853,0.885967589373067,-0.542292414676331
1,0.0,2,0.0,0,-0.6005605831912281,1,0,0.7779981589069964,0.30411097406598825,0.08135559800199903
1,0.0,2,0.0,0,0.010000893757385953,0,0,0.8103618035293735,-0.08976578110227905,0.9274235312858874
1,0.0,2,0.0,0,3.0628082785004564,1,0,0.12076722196026408,0.00757101545516917,-0.536840946034038
1,0.0,4,0.0,0,0.32855470781753243,0,0,10.92026648133498,13.539674164461948,-0.5455632958617069
1,0.0,3,0.0,0,1.868231475774907,0,0,1.60202634121521,0.32462764502620145,-0.5542856456893759
1,0.0,2,0.0,0,-0.49437597850451265,0,1,-0.2576384690090667,-0.09366523520663216,-0.3547618933814486
1,0.0,2,0.0,0,-0.5740144320195493,0,1,-0.2003797131387074,-0.09363224490118077,-0.32750455016998314
1,0.0,1,0.0,0,-0.49437597850451265,0,0,-0.041051001151620775,-0.09340461179356625,0.04101473004903012
1,0.0,0,0.0,0,0.010000893757385953,0,0,0.38465540118887637,-0.09218726952241033,0.1718499774640644
1,0.0,3,0.0,0,1.8151391734315494,1,0,0.4145295346864551,-0.09183317357723218,-0.0516602368699525
1,0.0,2,0.0,0,0.9125700335944678,0,0,0.4070610013120604,-0.0914812769857508,0.6548500991712327
1,0.0,1,0.0,0,2.26642374335009,1,0,1.5074249184728772,-0.0929174549497342,-0.08327875499525245
1,0.0,2,0.12,0,0.19582395195913807,1,0,0.23030571145138615,-0.08587402473586458,0.2754278816676332
1,0.0,0,0.0,0,1.5762238128864394,0,0,-0.23772238001068083,-0.0934661936970755,-0.14433520378893513
1,0.12,1,0.0,0,-0.28200676913108164,1,0,-0.20286922426350565,-0.09374001323232195,-0.2697189825616763
1,0.0,2,0.0,0,0.832931580079431,0,0,-0.08088317914839244,-0.09187606097431898,0.14677322170951618
1,0.0,1,0.0,0,-0.6005605831912281,0,1,-0.033582467777226094,-0.09336612310387297,-0.2457325205355867
1,0.0,1,0.0,0,-0.28200676913108164,0,0,-0.11075731264597118,-0.09178368811905512,0.09771000392887831
1,0.12,2,0.0,0,-0.6005605831912281,0,0,-0.09582024589718181,0.2585007771026071,-0.30569867560081077
1,0.0,1,0.0,0,-0.5209221296761914,0,0,-0.23772238001068083,-0.09369162745099326,-0.4485271540288898
1,0.0,1,0.0,0,0.4347393125042479,1,0,-0.11075731264597118,-0.09338811664084057,-0.06692434906837316
1,0.19,2,0.0,0,-0.6005605831912281,0,0,-0.22029580213709324,-0.09374441193971547,-0.445256272843514
1,0.0,1,0.0,0,1.2045776964829353,1,0,-0.01864540102843672,-0.09292845171821801,-0.3896512926921244
1,0.0,2,0.0,0,2.8238929179553467,1,0,1.3779703399833694,-0.03756742014025728,0.02138944293677498
1,0.0,2,0.0,0,0.9125700335944678,1,0,0.10334064408667648,-0.09207070377648212,1.4976471512697453
1,0.0,2,0.0,0,1.09839309179622,0,0,-0.21282726876269856,-0.09356516461342963,-0.26426751391938325
1,0.0,1,0.0,0,0.5143777660192845,0,0,0.7282079364110319,-0.07309028137345484,0.2568928882838367
1,0.0,2,0.0,0,1.2842161499979718,1,0,0.10334064408667648,-0.08254970162321386,0.814032983526191
1,0.0,3,0.0,0,-0.6005605831912281,0,0,0.03612384371712431,-0.09321766672934177,0.1424120467956817
1,0.33,2,0.0,0,1.2576699988262932,0,0,-0.08337269027319066,-0.09337162148811487,-0.061472880426080075
1,0.0,1,0.0,0,1.3638546035130086,0,0,-0.2352328688858826,-0.09317148030170984,0.06500119207511974
1,0.0,1,0.0,0,-0.3881913738177971,0,1,-0.24768042450987374,-0.09362784619378725,-0.37656776795062097
1,0.0,2,0.0,0,0.32855470781753243,0,0,-0.07590415689879598,-0.09335182730484405,-0.1595993159873558
1,0.2,2,0.0,0,-0.6005605831912281,0,1,-0.25514895788426845,-0.09351787850894933,-0.20103047766878332
1,0.0,1,0.0,0,-0.6005605831912281,0,1,-0.2601279801338649,-0.0937741032146217,-0.513944777736407
1,0.0,2,0.0,0,0.1427316496157803,0,1,-0.0037083342796473493,-0.09326715218751884,0.533827495312326
1,0.0,2,0.0,0,-0.1227298621010084,0,1,-0.23274335776108437,-0.0936146500716067,-0.2871636822170142
1,0.0,3,0.0,0,0.1427316496157803,0,0,0.16059939995703573,-0.09329354443187994,-0.2402810518932936
1,0.33,1,0.0,0,0.3551008589892113,0,0,0.008739221344343793,-0.0929229533339761,0.18166262102019198
1,0.0,2,0.0,0,-0.5474682808478704,0,0,-0.1729950907659269,-0.09363224490118077,-0.27517045120396944
1,0.06,2,0.0,0,-0.3085529203027605,0,1,-0.22029580213709324,-0.09335182730484405,-0.12361962294822136
1,0.0,3,0.0,0,1.2576699988262932,1,0,0.2975225118209383,-0.07478268404311064,-0.16177990344427304
1,0.0,2,0.0,0,0.1692778007874592,0,0,0.28258544507214894,-0.09222795756580036,0.1315091095110955
1,0.0,2,0.0,0,0.036547044929064826,1,0,1.176319938874713,0.006750656526278188,0.01920885547985774
1,0.0,3,0.0,0,-0.04309140858597179,1,0,-0.16801606851633044,-0.09290425882755365,-0.021132012473111167
1,0.0,1,0.0,0,1.5496776617147607,0,0,-0.016155889903638494,-0.09299553200596915,1.0157373232910356
1,0.0,1,0.0,0,0.3020085566458536,1,1,0.12325673308506231,-0.0924171019837216,0.4258884161949227
1,0.0,0,0.0,0,0.46128546367592677,0,0,0.22283717807699144,-0.08875847710916357,1.3133875111602387
1,0.0,1,0.0,0,-0.28200676913108164,0,0,-0.11573633489556763,-0.09256225932770769,0.4258884161949227
1,0.0,2,0.0,0,-0.6005605831912281,0,1,1.4700822516009038,-0.09169241494063964,0.983028511437277
1,0.0,2,0.0,0,0.9656623359378255,0,1,-0.14561046839314637,-0.0926359376765491,1.544529781593466
1,0.0,1,0.0,0,-0.202368315616045,0,1,-0.05598806790041015,-0.09291415591918907,0.2612540631976712
1,0.0,2,0.0,0,0.832931580079431,0,0,-0.07590415689879598,-0.09318907513128391,-0.042937887042283546
1,0.0,1,0.0,0,-0.17582216444436616,0,0,-0.12320486826996233,-0.09099961852616065,0.616689818675181
1,0.0,2,0.0,0,1.3373084523413297,0,1,0.30997006744492944,-0.09236761652554454,0.46513899041943296
1,0.0,1,0.0,0,0.036547044929064826,0,0,-0.217806291012295,-0.09304171843360107,0.09880029765733693
1,0.0,0,0.0,0,-0.6005605831912281,0,0,-0.02362442327803318,-0.08905099115083248,-0.09854286719367313
1,0.0,0,0.0,0,0.08963934727242256,1,0,1.1240402052539502,-0.09107549622869883,0.5349177890407846
1,0.0,3,0.0,0,-0.6005605831912281,0,0,0.20292108907860562,-0.09307031003165894,-0.07673699262450073
1,0.0,2,0.0,0,-0.6005605831912281,0,1,0.6983338029134531,-0.09300762845130131,-0.10399433583596622
1,0.0,0,0.0,0,-0.6005605831912281,0,1,-0.19789020201390917,-0.09374551161656385,-0.49431949062415187
1,0.0,3,0.0,0,-0.6005605831912281,0,1,0.12076722196026408,-0.0934925859414366,-0.3122404379715625
1,0.0,1,0.0,0,0.1427316496157803,0,1,-0.2526594467594702,-0.09378949869049902,-0.5324797711202035
1,0.0,2,0.0,0,0.8594777312511099,1,0,-0.09582024589718181,-0.08990544006202322,-0.3656648306660348
1,0.0,1,0.0,0,3.1159005808438143,1,0,1.6617746082103675,-0.0723534978850407,0.09007794782966798
1,0.0,0,0.0,0,2.6380698597535943,1,0,0.24275326707537728,-0.09077968315648478,0.14132175306722308
1,0.0,2,0.0,0,2.3991544992084846,1,0,0.2527113115745702,-0.08786553950827955,0.08789736037275074
1,0.0,2,0.0,0,0.40819316133256905,0,1,0.5639002021743488,-0.09330564087721212,-0.12907109159051444
1,0.0,2,0.0,0,-0.6005605831912281,0,0,-0.2451909133850755,-0.09357066299767153,-0.4725136160549795
1,0.0,2,0.0,0,0.010000893757385953,0,0,-0.2526594467594702,-0.09293504977930828,0.7050036106803291
1,0.0,1,0.0,0,-0.6005605831912281,0,0,0.7680401144078035,-0.09258645221837203,1.467118926872904
1,0.2,1,0.0,0,1.7620468710881916,0,1,-0.2352328688858826,-0.09365863714554187,-0.32750455016998314
1,0.44,1,0.0,0,0.19582395195913807,0,1,-0.18544264638991803,-0.09358495879670047,-0.3754774742221624
1,0.0,1,0.0,0,-0.6005605831912281,0,0,-0.26510700238346135,-0.09344639951380466,-0.19121783411265575
1,0.1,1,0.1,0,-0.6005605831912281,0,0,1.5024458962232807,-0.09298783426803049,4.52539283519933
1,0.0,1,0.0,0,-0.6005605831912281,0,0,0.01620775471873848,-0.09327155089491235,0.6374053995158948
1,0.0,1,0.08,0,-0.28200676913108164,0,1,-0.22776433551148792,-0.09330893990775725,-0.10399433583596622
1,0.0,0,0.0,0,2.6646160109252732,1,0,-0.001218823154849121,-0.0927426063308419,1.6775456164654174
1,0.24,1,0.24,0,-0.6005605831912281,0,0,-0.25514895788426845,-0.09326385315697369,-0.07673699262450073
1,0.14,2,0.0,0,-0.6005605831912281,0,1,-0.250169935634672,-0.09370152454262867,-0.4103668735328382
1,0.0,0,0.0,0,-0.6005605831912281,0,1,-0.21531677988749678,-0.09359815491888102,-0.10399433583596622
1,0.0,2,0.0,0,0.46128546367592677,0,0,-0.10577829039637472,-0.0932693515412156,0.19692673321861265
1,0.29,2,0.0,0,-0.6005605831912281,0,0,-0.24270140226027728,-0.09362674651693888,-0.3754774742221624
1,0.0,2,0.0,0,0.27546240547417467,0,1,-0.1207153571451641,-0.09370152454262867,-0.3602133620237417
1,0.0,0,0.0,0,-0.6005605831912281,0,1,0.07346651058909774,-0.09280308855750276,0.6908297922103671
1,0.0,2,0.0,0,-0.46782982733283374,0,1,-0.24270140226027728,-0.09359485588833588,-0.3264142564415245
1,0.0,1,0.0,0,-0.6005605831912281,0,1,1.153914338751529,-0.09296913976160803,-0.09200110482292141
1,0.18,2,0.0,0,0.010000893757385953,0,1,-0.2078482465131021,-0.09376090709244116,-0.46706214741268637
1,0.0,1,0.0,0,0.32855470781753243,1,0,0.5489631354255594,-0.09311319742874573,0.22963554507237122
1,0.0,4,0.0,0,3.381362092560603,1,0,0.13321477758425523,-0.09228953946930961,7.622917317750267
1,0.0,1,0.0,0,0.08963934727242256,0,1,0.42946660143524445,-0.09309560259917166,0.2121908454170333
1,0.0,2,0.0,0,3.354815941388924,0,1,-0.03856149002682255,-0.09327814895600263,3.0393224833102326
1,0.0,3,0.0,0,2.8238929179553467,0,0,-0.19042166863951449,-0.09359045718094236,-0.25990633900554877
1,0.0,2,0.0,0,-0.6005605831912281,0,0,-0.2675965135082596,-0.09359925459572939,-0.4834165533395657
1,0.0,0,0.0,0,-0.1227298621010084,0,1,-0.20535873538830388,-0.09320227125346446,0.11079352867038174
1,0.0,2,0.0,0,1.3638546035130086,1,0,2.025243232430909,-0.06359457178769931,7.298009786669599
1,0.0,2,0.0,0,-0.6005605831912281,1,1,2.2717048337859334,-0.09330014249297022,0.5785295381791293
1,0.0,1,0.0,0,0.9656623359378255,0,0,0.4817463350560073,-0.09264803412188127,0.017028268022940503
1,0.0,3,0.0,0,3.328269790217245,0,0,-0.2451909133850755,-0.09335622601223756,-0.40382511116208647
1,0.0,0,0.0,0,-0.6005605831912281,1,0,0.12574624420986052,-0.09338261825659866,0.3244910994482711
1,0.29,1,0.0,0,-0.202368315616045,0,0,-0.16054753514193576,-0.09325505574218666,-0.005867900274690498
1,0.0,12,0.0,0,0.6205623707060001,0,1,-0.2078482465131021,-0.09277559663629327,0.7627891782886359
1,0.0,2,0.0,0,-0.46782982733283374,0,1,-0.11822584602036586,-0.09095343209852873,0.3201299245344366
1,0.0,1,0.0,0,2.0009622316333013,0,0,-0.2576384690090667,-0.09374551161656385,-0.43326304183046915
1,0.0,2,0.0,0,0.8594777312511099,0,0,0.2800959339473507,-0.09312639355092628,-0.03639612467153183
1,0.0,2,0.0,0,-0.09618371092932954,1,0,2.6177468801328874,-0.09082037119987482,0.6025160002052189
1,0.36,5,0.0,0,1.2842161499979718,0,0,-0.24768042450987374,-0.09357286235136829,-0.22174605850949708
1,0.22,2,0.0,0,2.930077522642062,0,0,0.718249891911839,-0.09284157724719604,-0.14542549751739375
1,0.08,2,0.0,0,3.381362092560603,1,0,-0.1729950907659269,-0.09285367369252821,-0.4757844972403553
1,0.0,2,0.0,0,0.5409239171909634,0,1,-0.26510700238346135,-0.0935189781857977,-0.14978667243122823
1,0.15,2,0.0,0,0.38164701016089014,0,1,-0.2626174912586631,-0.0924863816251695,0.13587028442493
1,0.0,1,0.0,0,0.32855470781753243,0,1,-0.16054753514193576,-0.09309010421492976,0.5534527824245811
1,0.0,2,0.0,0,1.708954568744834,0,0,0.058529443840308365,-0.09198272962861177,0.6068771751190534
1,0.14,2,0.0,0,0.9656623359378255,0,0,-0.250169935634672,-0.07817078841296736,7.512797651175947
1,0.0,2,0.0,0,-0.6005605831912281,0,0,-0.12569437939476055,-0.093279248632851,0.7715115281163049
1,0.0,3,0.0,0,-0.6005605831912281,0,0,-0.17797411301552335,-0.0924863816251695,2.638094391237461
1,0.0,2,0.0,0,-0.36164522264611826,0,1,-0.041051001151620775,-0.09336172439647945,0.13805087188184723
1,0.0,2,0.0,0,-0.28200676913108164,0,1,-0.24768042450987374,-0.09347719046555929,-0.09963316092213174
1,0.1,0,0.0,0,-0.6005605831912281,0,0,-0.24021189113547906,-0.09367293294457081,-0.44416597911505534
1,0.09,1,0.0,0,-0.6005605831912281,0,0,0.35976028994089404,-0.09355856655233936,-0.13670314768972477
1,0.15,3,0.0,0,1.9213237781182648,1,1,-0.23025384663628615,-0.0934178079157468,-0.021132012473111167
1,0.0,1,0.0,0,-0.6005605831912281,0,0,-0.08337269027319066,-0.09365973682239026,-0.44961744775734847
1,0.0,2,0.0,0,0.6205623707060001,0,1,-0.060967090150006606,-0.0935299749542815,0.02902149903598531
1,0.0,3,0.0,0,2.6646160109252732,0,1,0.04608188821631722,-0.09371472066480922,-0.11925844803438689
1,0.0,6,0.0,0,2.5053391038952,1,0,1.3829493622329658,0.2657245543196109,-0.551014764504
1,0.0,1,0.0,0,0.08963934727242256,0,1,-0.2675965135082596,-0.09368502938990299,-0.06801464279683178
1,0.0,0,0.0,0,-0.6005605831912281,0,1,-0.24270140226027728,-0.09362674651693888,-0.1323419727758903
1,0.0,2,0.0,0,0.9391161847661466,0,1,-0.24768042450987374,-0.0924390955206892,0.7497056535471325
1,0.0,1,0.0,0,-0.6005605831912281,0,0,-0.2078482465131021,-0.09316708159431632,0.9328749999281806
1,0.0,1,0.0,0,0.19582395195913807,0,1,-0.10577829039637472,-0.09366193617608702,-0.3013375006869763
1,0.0,3,0.0,0,1.045300789452862,1,0,-0.10826780152117295,-0.09301642586608835,-0.2697189825616763
1,0.45,1,0.25,0,3.0362621273287775,1,0,1.385438873357764,-0.09302522328087538,0.7093647855941636
1,0.0,2,0.0,0,3.354815941388924,1,0,0.05603993271551014,-0.049969575636279386,4.530844303841624
0,0.0,0,0.0,0,-0.2289144667877239,0,1,0.058529443840308365,-0.09322426479043204,0.6014257064767603
1,0.0,2,0.0,0,-0.09618371092932954,0,1,2.015285187931716,-0.09253696676019496,3.7327492946099143
1,0.0,10,0.0,0,2.876985220298704,1,0,-0.2626174912586631,-0.04340780388199991,-0.24900340172096255
1,0.0,2,0.0,0,-0.6005605831912281,0,0,0.08591406621308888,-0.09284707563143793,0.022479736665233598
1,0.09,5,0.0,0,-0.46782982733283374,0,0,0.14317282208344814,-0.09050806297493509,-0.05820199924070421
1,0.09,2,0.0,0,-0.6005605831912281,0,0,-0.06843562352440129,-0.09238301200142185,-0.11053609820671793
1,0.0,2,0.0,0,-0.3085529203027605,0,1,-0.18793215751471626,-0.08963162052677677,-0.25118398917787976
1,0.0,2,0.0,0,-0.6005605831912281,0,1,-0.06594611239960306,-0.0923170313905191,-0.41581834217513125
1,0.0,2,0.0,0,0.11618549844410145,1,0,0.5639002021743488,7.319448843166913,-0.43326304183046915
1,0.38,2,0.0,0,-0.3350990714744394,1,0,-0.24768042450987374,-0.09294054816355017,-0.05711170551224559
1,0.0,2,0.0,0,1.3107623011696508,1,0,0.6609911360414797,0.7112355362266813,-0.15850902225889718
1,0.0,2,0.0,0,-0.5209221296761914,0,1,-0.12818389051955878,-0.09340021308617273,-0.16177990344427304
1,0.0,3,0.0,0,0.7532931265643944,0,1,-0.250169935634672,-0.09363224490118077,-0.21520429613874537
1,0.0,1,0.0,0,0.5674700683626422,0,1,-0.23772238001068083,-0.09347059240446902,-0.15741872853043856
1,0.0,2,0.0,0,-0.6005605831912281,0,0,-0.25514895788426845,-0.09366193617608702,-0.36239394948065895
1,0.0,2,0.0,0,1.3373084523413297,1,0,-0.07590415689879598,-0.09354207139961367,-0.3667551243944934
1,0.18,1,0.0,0,1.2576699988262932,0,1,-0.03607197890202432,-0.09373671420177682,-0.39183188014904163
1,0.0,2,0.0,0,0.32855470781753243,0,0,0.2103896224530003,-0.09272831053181296,-0.47142332232652084
1,0.0,2,0.0,0,-0.2554606179594028,0,1,-0.24768042450987374,-0.09298453523748534,0.7791435842155152
1,0.0,4,0.25,0,2.1867852898350537,0,1,0.09338259958748356,-0.09295154493203396,0.022479736665233598
1,0.0,1,0.33,0,1.8151391734315494,0,0,0.06848748833950127,-0.09187386162062222,0.4324301785656744
1,0.14,2,0.0,0,-0.6005605831912281,0,1,-0.22278531326189147,-0.0934606953128336,0.015937974294481884
1,0.0,2,0.0,0,0.6736546730493578,0,0,0.28507495619694717,-0.08800189943747859,0.15658586526564375
1,0.0,2,0.0,0,0.6736546730493578,0,0,0.28507495619694717,-0.08800189943747859,0.15658586526564375
1,0.0,2,0.0,0,2.74425446444031,1,1,-0.25514895788426845,-0.09355966622918774,-0.2947957383162246
1,0.0,2,0.0,0,-0.6005605831912281,1,1,0.028655310342729622,-0.09337821954920515,-0.006958194003149117
1,0.0,2,0.0,0,0.8063854289077521,0,0,0.23279522257618437,-0.0928481753082863,0.2677958255684229
1,0.0,0,0.0,0,-0.3881913738177971,0,1,-0.23772238001068083,-0.0936201484558486,-0.147606084974311
1,0.0,1,0.0,0,1.1780315453112564,0,0,0.4817463350560073,4.191069450390966,-0.1715925470004006
1,0.0,1,0.0,0,-0.06963755975765067,0,0,-0.217806291012295,-0.09369382680469002,-0.40927657980437954
1,0.08,2,0.0,0,0.08963934727242256,1,0,0.011228732469142022,-0.09358385911985208,-0.5193962463787001
1,0.0,0,0.0,0,1.682408417573155,0,1,-0.13316291276915523,-0.09352557624688798,0.9405070560273908
1,0.0,1,0.0,0,0.7532931265643944,0,1,-0.02362442327803318,-0.09269641990320997,0.5316469078554087
1,0.11,4,0.0,0,0.08963934727242256,1,0,-0.22776433551148792,-0.09299883103651428,0.03883414259211288
1,0.0,0,0.0,0,-0.1227298621010084,0,1,0.06350846608990482,-0.09270191828745186,0.009396211923730169
1,0.0,2,0.0,0,1.9478699292899437,1,0,0.08591406621308888,-0.09112608136372427,-0.12252932921976274
1,0.0,2,0.0,0,-0.14927601327268727,0,0,-0.11075731264597118,-0.09335292698169242,-0.23591987697945913
1,0.0,2,0.0,0,-0.6005605831912281,0,1,-0.09333073477238357,-0.09324295929685449,-0.04947964941303526
1,0.0,2,0.0,0,1.045300789452862,1,0,0.7356764697854266,-0.08423110752438587,-0.17813430937115232
1,0.0,2,0.0,0,1.682408417573155,0,0,-0.23025384663628615,-0.09333423247526998,0.08244589173045765
1,0.0,2,0.0,0,3.328269790217245,1,0,2.1970195000419865,-0.0734498757028749,0.5360080827692432
1,0.0,2,0.0,0,-0.5740144320195493,0,1,-0.23772238001068083,-0.09373341517123167,-0.48123596588264844
1,0.22,3,0.0,0,0.4347393125042479,0,0,-0.20286922426350565,-0.0873629871885702,-0.3831095303213727
1,0.36,2,0.0,0,0.32855470781753243,0,0,-0.2626174912586631,-0.09196623447588609,0.22636466388699536
1,0.0,0,0.0,0,2.133692987491696,0,0,-0.2078482465131021,-0.09313189193516817,-0.25772575154863153
1,0.0,2,0.0,0,-0.6005605831912281,1,0,0.7555925587838124,-0.05952026906445389,-0.1029040421075076
1,0.0,2,0.0,0,1.0187546382811832,0,1,0.27262740057295604,-0.09254356482128523,-0.23591987697945913
1,0.15,1,0.0,0,0.5674700683626422,0,0,0.12076722196026408,-0.08437736454522031,-0.3754774742221624
1,0.0,1,0.0,0,-0.6005605831912281,0,0,0.7008233140382514,-0.08903009729071328,0.2612540631976712
1,0.0,1,0.0,0,-0.6005605831912281,0,1,-0.24768042450987374,-0.09345959563598522,-0.1890372466557385
1,0.0,1,0.0,0,-0.6005605831912281,0,1,-0.2601279801338649,-0.09360255362627454,-0.3613036557522003
1,0.0,1,0.0,0,2.3726083480368056,0,1,-0.21282726876269856,-0.09299333265227239,-0.193398421569573
1,0.18,1,0.0,0,2.6646160109252732,0,0,-0.1207153571451641,-0.08148961314137619,-0.41908922336050713
1,0.0,3,0.0,0,0.036547044929064826,0,1,0.09089308846268533,-0.09334962795114729,-0.2588160452770901
1,0.0,2,0.0,0,0.3020085566458536,0,0,-0.2626174912586631,-0.0937213187258995,-0.262086926462466
1,0.0,1,0.0,0,-0.09618371092932954,0,0,-0.07341464577399776,-0.092768998575203,0.08026530427354041
1,0.0,2,0.0,0,-0.6005605831912281,0,0,-0.19789020201390917,-0.09358385911985208,-0.19121783411265575
1,0.0,2,0.0,0,0.5143777660192845,0,0,0.008739221344343793,-0.09321546737564501,0.21001025796011608
1,0.18,3,0.0,0,0.7267469753927155,0,0,-0.2526594467594702,-0.09337931922605353,-0.29588603204468317
1,0.22,5,0.0,0,1.1780315453112564,0,0,-0.2576384690090667,-0.08921704235493776,3.4558146875814253
1,0.17,2,0.0,0,2.956623673813741,1,0,-0.19042166863951449,-0.0935189781857977,-0.20430135885415918
1,0.0,2,0.0,0,2.080600685148338,0,0,-0.05349855677561192,-0.09351128044785904,1.0658908348001321
1,0.0,2,0.0,0,-0.6005605831912281,0,0,0.3298861564433153,-0.09334302989005701,0.4455137033071778
1,0.0,3,0.0,0,-0.6005605831912281,0,1,-0.24021189113547906,-0.09364544102336132,-0.3602133620237417
1,0.0,2,0.0,0,-0.14927601327268727,0,1,-0.15805802401713753,-0.09302852231142052,0.17948203356327475
1,0.0,2,0.0,0,-0.6005605831912281,0,1,-0.2451909133850755,-0.09371252131111246,-0.42236010454588296
1,0.0,2,0.0,0,0.2489162543024958,0,1,-0.1132468237707694,-0.09299443232912076,0.15767615899410237
1,0.0,2,0.0,0,-0.6005605831912281,0,0,-0.2675965135082596,-0.0937048235731738,-0.49977095926644494
1,0.0,1,0.0,1,1.5231315105430818,1,1,-0.23025384663628615,-0.09372571743329301,-0.43762421674430363
1,0.0,2,0.0,0,-0.5474682808478704,0,1,-0.13565242389395346,-0.09359595556518426,-0.12361962294822136
1,0.0,2,0.0,0,-0.6005605831912281,0,1,-0.2626174912586631,-0.09380049545898281,-0.5401118272194139
1,0.0,1,0.0,0,3.2751774878738873,1,0,-0.1381419350187517,-0.08194048064921171,2.895403711153695
1,0.19,0,0.0,0,-0.6005605831912281,0,0,-0.26510700238346135,-0.09369602615838678,-0.5379312397624966
1,0.0,0,0.0,0,-0.6005605831912281,1,1,-0.1132468237707694,-0.0934606953128336,0.06609148580357836
1,0.18,1,0.0,0,-0.6005605831912281,0,0,0.3473127343169029,-0.09342000726944356,-0.40491540489054506
1,0.31,1,0.0,0,-0.6005605831912281,0,1,-0.2451909133850755,-0.09370152454262867,-0.022222306201569786
1,0.0,0,0.0,0,-0.4412836761611549,0,0,-0.2352328688858826,-0.09348048949610442,-0.1486963787027696
1,0.15,1,0.0,0,-0.6005605831912281,0,0,0.24026375595057906,-0.0936575374686935,-0.48777772825340016
1,0.0,2,0.0,0,-0.6005605831912281,0,1,-0.2675965135082596,-0.0937960967515893,-0.4703330285980622
1,0.22,1,0.14,0,-0.6005605831912281,0,1,-0.14063144614354992,-0.09314398838050035,-0.08545934245216968
1,0.0,1,0.0,0,1.09839309179622,0,0,-0.23025384663628615,-0.09333973085951187,-0.19121783411265575
1,0.0,1,0.0,0,-0.6005605831912281,0,0,0.0012706879699491075,-0.09326715218751884,0.0399244363205715
1,0.24,0,0.0,0,-0.6005605831912281,0,1,0.6112009135455151,-0.09242370004481189,1.8301867384496242
1,0.0,1,0.0,0,-0.6005605831912281,0,1,-0.25514895788426845,-0.09373561452492843,-0.459430091313476
1,0.0,2,0.0,0,0.7002008242210367,1,0,1.1265297163787484,0.13223698104854054,-0.4965000780810691
1,0.0,2,0.0,0,0.010000893757385953,0,0,-0.05598806790041015,-0.09307580841590084,0.10970323494192312
1,0.0,2,0.0,0,2.5849775574102365,1,0,-0.031092956652427863,-0.09220926305937792,0.0508273736051577
1,0.14,2,0.0,0,0.3020085566458536,0,0,-0.23274335776108437,-0.0933595250427827,-0.1323419727758903
1,0.0,3,0.0,0,0.0630931961007437,0,1,-0.1381419350187517,-0.09348268884980118,0.0508273736051577
1,0.0,2,0.0,0,-0.6005605831912281,0,1,-0.250169935634672,-0.09353107463112988,-0.17813430937115232
1,0.0,2,0.0,0,-0.28200676913108164,0,0,0.22283717807699144,-0.09263373832285234,0.6145092312182637
1,0.17,2,0.0,0,-0.6005605831912281,0,1,-0.046030023401217236,-0.09252706966855954,0.11951587849805069
1,0.0,2,0.0,0,-0.36164522264611826,0,1,-0.1829531352651198,-0.09344200080641114,-0.22719752715179017
1,0.08,2,0.0,0,-0.5740144320195493,0,0,0.43693513480963914,-0.09342990436107898,-0.08982051736600417
1,0.0,2,0.0,0,-0.1227298621010084,0,1,-0.10577829039637472,-0.0918903567733479,1.223983425426632
1,0.0,2,0.0,0,0.3020085566458536,0,1,0.04608188821631722,-0.09351567915525257,-0.15087696615968685
1,0.0,3,0.0,0,0.010000893757385953,0,1,0.5464736243007612,-0.09321986608303852,0.5381886702261605
1,0.0,1,0.0,0,-0.09618371092932954,0,1,-0.163037046266734,-0.09292515268767286,-0.022222306201569786
1,0.0,2,0.0,0,3.0893544296721354,0,0,-0.17797411301552335,-0.09215647857065572,-0.4975903718095277
1,0.0,2,0.0,0,-0.2554606179594028,0,1,-0.2601279801338649,-0.09369602615838678,-0.4245406920028002
1,0.0,2,0.0,0,0.7267469753927155,0,0,-0.13565242389395346,-0.09339251534823408,-0.05056994314149388
1,0.0,3,0.0,0,0.6205623707060001,1,1,-0.250169935634672,-0.09352777560058474,-0.1770440156426937
1,0.0,1,0.0,0,0.19582395195913807,0,1,-0.011176867654042036,-0.09185846614474491,7.622917317750267
1,0.3,2,0.0,0,0.08963934727242256,0,1,0.33237566756811354,-0.09220926305937792,0.754066828460967
1,0.0,0,0.0,0,-0.6005605831912281,0,1,-0.011176867654042036,-0.0935189781857977,-0.2664481013763005
1,0.0,1,0.0,0,-0.6005605831912281,0,1,-0.03607197890202432,-0.09265463218297154,0.20237820186090574
1,0.11,1,0.0,0,-0.6005605831912281,0,0,-0.26510700238346135,-0.09372571743329301,-0.5172156589217829
0,0.0,1,0.0,0,0.11618549844410145,0,1,-0.22776433551148792,-0.09356846364397477,-0.20212077139724194
1,0.07,2,0.0,0,0.38164701016089014,1,1,-0.18793215751471626,-0.0936146500716067,-0.4659718536842277
1,0.0,1,0.0,0,0.22237010313081693,0,1,2.7994811922431584,-0.09300982780499807,0.7682406469309291
1,0.0,1,0.0,0,-0.06963755975765067,0,1,-0.08088317914839244,-0.09307580841590084,-0.2337392895225419
1,0.0,2,0.0,0,-0.414737524989476,0,0,-0.25514895788426845,-0.09336392375017621,-0.10944580447825931
1,0.0,2,0.0,0,-0.6005605831912281,0,0,-0.2601279801338649,-0.09376970450722819,-0.5302991836632863
1,0.0,2,0.0,0,-0.6005605831912281,0,1,-0.1929111797643127,-0.09374881064710898,-0.4299921606450933
0,0.22,1,0.0,0,-0.6005605831912281,0,0,-0.2675965135082596,-0.09371142163426409,-0.19121783411265575
0,0.38,1,0.0,0,-0.6005605831912281,0,0,-0.2675965135082596,-0.09374441193971547,-0.5204865401071587
0,0.43,1,0.0,0,-0.6005605831912281,0,1,-0.2626174912586631,-0.09351238012470743,-0.0691049365252904
1,0.0,0,0.0,0,-0.6005605831912281,0,1,-0.2601279801338649,-0.09380929287376985,-0.46706214741268637
1,0.5,3,0.0,0,0.036547044929064826,0,1,-0.2352328688858826,-0.0936366436085743,-0.2173848835956626
0,0.31,2,0.0,0,-0.6005605831912281,0,0,-0.2675965135082596,-0.09376750515353144,-0.48450684706802427
0,0.22,1,0.22,0,0.5409239171909634,0,1,-0.26510700238346135,-0.09381039255061822,-0.542292414676331
0,0.0,1,0.0,0,-0.6005605831912281,0,1,-0.2675965135082596,-0.09381039255061822,0.37573490468582615
1,0.25,1,0.0,0,-0.6005605831912281,0,1,-0.24270140226027728,-0.09381039255061822,-0.5292088899348276
0,0.0,2,0.0,0,-0.6005605831912281,0,0,-0.2675965135082596,-0.09379719642843767,-0.5488341770470828
0,0.33,1,0.0,0,-0.6005605831912281,0,0,-0.2675965135082596,-0.09379939578213443,-0.5346603585771208
0,0.33,1,0.0,0,-0.6005605831912281,0,1,-0.2675965135082596,-0.09380929287376985,-0.5172156589217829
0,0.0,1,0.0,0,-0.6005605831912281,0,0,-0.2675965135082596,-0.09380929287376985,-0.5455632958617069
0,0.0,0,0.0,0,-0.6005605831912281,0,1,-0.2675965135082596,-0.09381039255061822,-0.5542856456893759
0,0.12,1,0.0,0,-0.6005605831912281,0,1,-0.2675965135082596,-0.09377630256831847,-0.32205308152769
0,0.18,1,0.0,0,-0.6005605831912281,0,1,-0.2675965135082596,-0.09380489416637633,-0.5433827084047897
0,0.5,1,0.0,0,-0.6005605831912281,0,1,-0.25514895788426845,-0.0937905983673474,-0.491048609438776
1,0.5,1,0.0,0,-0.6005605831912281,0,1,-0.2675965135082596,-0.09379719642843767,-0.4703330285980622
0,0.5,1,0.0,0,-0.6005605831912281,0,1,-0.2675965135082596,-0.09380379448952796,-0.513944777736407
1,0.57,1,0.0,0,-0.6005605831912281,0,0,-0.2675965135082596,-0.0937587077387444,-0.5433827084047897
0,0.45,3,0.0,0,-0.6005605831912281,0,0,-0.2675965135082596,-0.0937741032146217,-0.5499244707755414
0,0.5,1,0.0,0,-0.6005605831912281,0,1,0.08342455508829065,-0.0938059938432247,-0.25009369544942117
0,0.57,1,0.0,0,-0.6005605831912281,0,1,-0.2526594467594702,-0.09380489416637633,-0.5379312397624966
1,0.0,1,0.0,0,-0.6005605831912281,0,1,-0.26510700238346135,-0.09381039255061822,-0.5063127216371966
0,0.44,1,0.43,0,-0.6005605831912281,0,1,-0.2675965135082596,-0.09380489416637633,-0.5357506523055794
0,0.0,1,0.0,0,-0.6005605831912281,0,1,-0.26510700238346135,-0.09369272712784164,-0.5084933090941139
1,0.88,1,0.0,0,-0.6005605831912281,0,1,-0.17050557964112867,-0.0938015951358312,-0.48886802198185875
0,0.0,1,0.0,0,-0.6005605831912281,0,0,-0.2675965135082596,-0.09375760806189602,-0.5477438833186242
0,0.22,0,0.0,0,-0.6005605831912281,0,1,-0.2451909133850755,-0.09380819319692146,-0.3198724940707728
0,0.0,2,0.0,0,-0.6005605831912281,0,1,-0.2675965135082596,-0.09375430903135087,-0.4169086359035899
1,0.0,1,0.0,0,0.5409239171909634,0,1,-0.21531677988749678,-0.09380489416637633,-0.5019515467233622
0,0.0,1,0.0,0,-0.6005605831912281,0,1,-0.2675965135082596,-0.09381039255061822,0.3201299245344366
0,0.55,1,0.0,0,-0.6005605831912281,0,0,-0.2675965135082596,-0.09378180095256036,-0.5041321341802795
0,0.07,1,0.0,0,-0.6005605831912281,0,1,-0.2675965135082596,-0.09381039255061822,0.10098088511425417
1,0.8,1,0.0,0,-0.2554606179594028,0,1,-0.2601279801338649,-0.0937268171101414,-0.3711162993083279
0,0.0,1,0.4,0,-0.6005605831912281,0,1,-0.2675965135082596,-0.09362894587063564,0.19692673321861265
0,0.0,1,0.0,0,-0.6005605831912281,0,0,-0.2675965135082596,-0.0936839297130546,-0.3035180881438935
0,0.31,1,0.36,0,-0.6005605831912281,0,0,-0.2675965135082596,-0.09380379448952796,-0.5379312397624966
0,0.4,1,0.0,0,-0.6005605831912281,0,0,-0.2675965135082596,-0.09378400030625712,-0.5008612529949036
0,0.33,1,0.0,0,-0.6005605831912281,0,1,-0.2675965135082596,-0.09376640547668305,-0.2969763257731418
0,0.0,1,0.0,0,-0.6005605831912281,0,1,-0.2526594467594702,-0.0937752028914701,-0.4975903718095277
0,0.33,1,0.33,1,-0.6005605831912281,0,1,-0.2675965135082596,-0.09381039255061822,-0.5161253651933242
0,0.36,1,0.0,0,-0.6005605831912281,0,0,-0.2675965135082596,-0.09378729933680226,-0.5063127216371966
1,0.55,1,0.29,0,-0.6005605831912281,0,1,-0.26510700238346135,-0.09372351807959627,0.2819696440383849
1,0.41,1,0.0,0,-0.6005605831912281,0,1,-0.2576384690090667,-0.0938015951358312,-0.513944777736407
1,0.43,0,0.0,0,-0.6005605831912281,0,0,-0.2675965135082596,-0.09375650838504763,-0.46815244114114496
0,0.11,1,0.11,1,-0.6005605831912281,0,1,-0.2675965135082596,-0.09377630256831847,-0.45506891639964153
1,0.0,1,0.0,1,-0.6005605831912281,0,1,-0.2675965135082596,-0.09379389739789254,-0.5095836028225725
1,0.25,1,0.0,0,-0.6005605831912281,0,0,-0.2675965135082596,-0.0938059938432247,-0.551014764504
1,0.44,1,0.0,0,-0.6005605831912281,0,1,-0.2675965135082596,-0.09381039255061822,-0.3046083818723521
1,0.3,0,0.0,0,-0.6005605831912281,0,1,-0.2252748243866897,-0.09346289466653036,0.7159065479649154
0,0.1,1,0.0,0,-0.6005605831912281,0,1,-0.2675965135082596,-0.09381039255061822,-0.5542856456893759
0,0.0,1,0.0,0,-0.6005605831912281,0,0,-0.26510700238346135,-0.09380709352007309,-0.5531953519609173
0,0.0,2,0.0,0,-0.6005605831912281,0,0,-0.2675965135082596,-0.09380819319692146,-0.5215768338356174
1,0.29,2,0.0,0,-0.36164522264611826,0,1,-0.250169935634672,-0.0935673639671264,-0.28825397594547286
0,0.0,1,0.0,0,-0.6005605831912281,0,0,-0.2352328688858826,-0.09361135104106157,0.46513899041943296
0,0.0,2,0.0,0,-0.6005605831912281,0,1,-0.2675965135082596,-0.09380049545898281,-0.3722065930367865
0,0.67,1,0.0,0,-0.6005605831912281,0,0,-0.2675965135082596,-0.09380819319692146,-0.5542856456893759
1,0.31,1,0.31,1,-0.6005605831912281,0,1,-0.2675965135082596,-0.09378290062940875,-0.46052038504193465
1,0.0,3,0.0,0,-0.1227298621010084,0,0,-0.25514895788426845,-0.09378180095256036,-0.413637754718214
1,0.89,1,0.89,0,-0.6005605831912281,0,1,0.04110286596672077,-0.09379389739789254,-0.22174605850949708
1,0.0,1,0.0,0,-0.3350990714744394,0,0,-0.2451909133850755,-0.09374551161656385,-0.5019515467233622
0,0.2,1,0.2,1,1.0187546382811832,0,1,-0.25514895788426845,-0.09380269481267957,-0.5030418404518208
0,0.12,1,0.0,0,-0.6005605831912281,0,1,-0.2626174912586631,-0.09376640547668305,-0.35912306829528307
0,0.0,1,0.0,0,-0.6005605831912281,0,0,-0.2675965135082596,-0.09375430903135087,-0.5095836028225725
1,0.0,5,0.0,0,-0.6005605831912281,0,0,0.10583015521147471,-0.09366413552978378,0.26343465065458843
1,0.0,0,0.0,0,-0.6005605831912281,0,1,-0.19540069088911094,-0.09378290062940875,-0.5117641902794897
1,0.18,1,0.0,0,-0.6005605831912281,0,1,0.0012706879699491075,-0.09286027175361848,3.4209252882707495
1,0.0,0,0.0,0,-0.6005605831912281,0,0,-0.07590415689879598,-0.09373011614068653,-0.5161253651933242
1,0.38,1,0.4,0,-0.6005605831912281,0,1,-0.2601279801338649,-0.09360805201051643,-0.36893571185141066
1,0.43,1,0.0,0,-0.6005605831912281,0,1,-0.250169935634672,-0.09363334457802916,-0.19121783411265575
1,0.22,1,0.22,1,-0.6005605831912281,0,1,-0.2601279801338649,-0.09376420612298629,0.20237820186090574
1,0.0,1,0.0,0,-0.01654525741429292,0,1,0.058529443840308365,-0.09350358270992039,0.6712045050981119
1,0.0,1,0.0,0,-0.6005605831912281,0,0,-0.16801606851633044,-0.09356956332082315,-0.3852901177782899
1,0.24,1,0.24,1,-0.6005605831912281,0,1,-0.2576384690090667,-0.0937905983673474,-0.4387145104727623
1,0.44,1,0.0,0,-0.6005605831912281,0,1,-0.05847757902520838,-0.09369382680469002,-0.367845418122952
1,0.5,0,0.0,0,-0.5474682808478704,0,1,0.4767673128064108,-0.09377300353777333,-0.43653392301584504
0,0.0,1,0.0,0,-0.6005605831912281,0,0,-0.24021189113547906,-0.09376420612298629,-0.5259380087494518
1,0.16,0,0.0,0,3.2751774878738873,0,1,-0.2675965135082596,-0.09380929287376985,-0.5401118272194139
0,0.89,0,0.0,0,-0.6005605831912281,0,1,-0.2675965135082596,-0.09376860483037981,-0.4801456721541898
1,0.58,1,0.36,0,-0.4412836761611549,0,1,-0.26510700238346135,-0.09377300353777333,-0.5063127216371966
1,0.29,1,0.0,0,0.7267469753927155,0,1,-0.2576384690090667,-0.0937850999831055,-0.3896512926921244
1,0.3,1,0.0,0,-0.6005605831912281,0,1,-0.2675965135082596,-0.0937850999831055,-0.513944777736407
0,0.5,2,0.0,0,-0.6005605831912281,0,0,-0.2675965135082596,-0.09371911937220274,-0.4027348174336278
0,0.4,1,0.0,0,-0.6005605831912281,0,0,-0.2675965135082596,-0.09378290062940875,-0.5237574212925346
1,0.0,0,0.0,0,0.4347393125042479,0,1,-0.2601279801338649,-0.0937960967515893,-0.5128544840079484
0,0.25,1,0.0,0,-0.6005605831912281,0,0,-0.2675965135082596,-0.09374001323232195,-0.48886802198185875
0,0.36,1,0.0,0,-0.6005605831912281,0,0,-0.2675965135082596,-0.09371142163426409,-0.4790553784257312
0,0.33,2,0.0,0,-0.6005605831912281,0,0,-0.2675965135082596,-0.09372021904905112,-0.5477438833186242
0,0.0,0,0.0,0,-0.6005605831912281,0,0,-0.2675965135082596,-0.09365643779184513,-0.20648194631107641
0,0.36,1,0.0,0,-0.6005605831912281,0,1,-0.2675965135082596,-0.09381039255061822,-0.522667127564076
1,0.3,1,0.0,0,-0.46782982733283374,0,1,-0.26510700238346135,-0.09375430903135087,-0.09636227973675589
1,0.12,1,0.0,0,1.8151391734315494,0,0,-0.250169935634672,-0.09376860483037981,-0.459430091313476
0,0.33,1,0.38,0,-0.5474682808478704,0,1,-0.2601279801338649,-0.09378729933680226,0.24489965727079188
1,0.38,1,0.0,0,-0.6005605831912281,0,1,-0.2675965135082596,-0.09380489416637633,-0.42236010454588296
1,0.4,1,0.0,0,-0.6005605831912281,0,1,-0.2675965135082596,-0.09378729933680226,-0.5052224279087381
0,0.57,0,0.0,0,-0.6005605831912281,0,1,-0.25514895788426845,-0.09367403262141918,-0.28280250730317974
0,0.22,1,0.0,0,-0.6005605831912281,0,1,-0.2675965135082596,-0.09380489416637633,-0.4932291968956932
1,0.38,1,0.0,0,0.38164701016089014,0,1,-0.26510700238346135,-0.09380819319692146,-0.536840946034038
0,0.64,2,0.0,0,-0.6005605831912281,0,0,-0.2675965135082596,-0.09376420612298629,-0.5041321341802795
1,0.33,1,0.33,0,-0.6005605831912281,0,1,-0.23772238001068083,-0.09375760806189602,-0.5052224279087381
0,0.31,1,0.31,1,-0.6005605831912281,0,0,-0.2675965135082596,-0.0937752028914701,-0.5270283024779104
0,0.0,1,0.0,0,-0.6005605831912281,0,1,-0.2675965135082596,-0.09381039255061822,-0.47687479096881397
0,0.25,1,0.0,0,-0.6005605831912281,0,0,-0.2675965135082596,-0.09381039255061822,-0.5542856456893759
1,0.12,1,0.0,0,-0.6005605831912281,0,1,-0.26510700238346135,-0.09379939578213443,-0.4408950979296795
1,0.38,1,0.0,0,-0.6005605831912281,0,1,-0.03856149002682255,-0.09378949869049902,-0.5204865401071587
0,0.31,1,0.0,0,-0.6005605831912281,0,1,-0.2675965135082596,-0.09365863714554187,-0.4463465665719726
0,0.2,0,0.0,0,-0.6005605831912281,0,1,-0.2675965135082596,-0.09379829610528605,-0.3831095303213727
0,0.0,1,0.0,0,-0.6005605831912281,0,1,-0.2675965135082596,-0.09380929287376985,-0.48450684706802427
0,0.42,1,0.0,0,-0.6005605831912281,0,0,-0.2675965135082596,-0.09376750515353144,-0.5106738965510311
1,0.0,0,0.0,0,3.328269790217245,0,0,-0.21531677988749678,-0.09331993667624104,1.366811903854711
1,0.57,1,0.0,0,-0.6005605831912281,0,1,-0.250169935634672,-0.09380049545898281,-0.46488155995576913
0,0.0,0,0.0,0,-0.6005605831912281,0,0,-0.2451909133850755,-0.0931626828869228,2.694789665117309
0,0.06,1,0.0,0,-0.6005605831912281,0,0,-0.2675965135082596,-0.09378070127571199,-0.4855971407964829
1,0.0,2,0.0,0,-0.6005605831912281,0,0,-0.23274335776108437,-0.09365313876129998,-0.009138781460066355
0,0.0,2,0.0,0,-0.6005605831912281,0,1,-0.2675965135082596,-0.09381039255061822,-0.3613036557522003
0,0.0,3,0.0,0,-0.6005605831912281,0,1,-0.2675965135082596,-0.09381039255061822,-0.4125474609897554
0,0.21,1,0.0,0,-0.6005605831912281,0,0,-0.2601279801338649,-0.09367403262141918,-0.4070959923474623
1,0.07,0,0.0,0,-0.6005605831912281,0,1,-0.2675965135082596,-0.09379719642843767,-0.34494924982532105
0,0.42,1,0.0,0,-0.6005605831912281,0,0,-0.2675965135082596,-0.09379279772104415,-0.5150350714648656
0,0.21,1,0.0,0,-0.6005605831912281,0,0,-0.26510700238346135,-0.09380929287376985,-0.5521050582324587
0,0.38,1,0.0,0,-0.6005605831912281,0,0,-0.26510700238346135,-0.0936784313288127,-0.3569424808383658
0,0.0,2,0.0,0,-0.6005605831912281,0,1,-0.2675965135082596,-0.09381039255061822,-0.47687479096881397
0,0.0,1,0.0,0,-0.6005605831912281,0,0,-0.26510700238346135,-0.09378180095256036,-0.5455632958617069
1,0.14,3,0.0,0,-0.6005605831912281,0,0,-0.2675965135082596,-0.0937477109702606,-0.3722065930367865
0,0.15,2,0.0,0,-0.6005605831912281,0,0,-0.26510700238346135,-0.0937960967515893,-0.5302991836632863
1,0.0,4,0.0,0,3.354815941388924,0,0,-0.19789020201390917,-0.09267662571993913,-0.32750455016998314
1,0.18,1,0.0,0,-0.6005605831912281,0,0,-0.2675965135082596,-0.09376420612298629,-0.3951027613344175
1,0.33,2,0.0,0,-0.6005605831912281,0,0,-0.20535873538830388,-0.09373341517123167,-0.48450684706802427
1,0.18,1,0.0,0,-0.6005605831912281,0,1,-0.2675965135082596,-0.09381039255061822,-0.5455632958617069
1,0.3,1,0.0,0,-0.6005605831912281,0,0,-0.2675965135082596,-0.09375980741559278,-0.45397862267118294
1,0.43,2,0.0,0,-0.6005605831912281,0,0,0.008739221344343793,-0.09289326205906986,3.9355439281032174
0,0.0,2,0.0,0,-0.01654525741429292,0,1,-0.2626174912586631,-0.09338261825659866,-0.1268905041335972
1,0.33,0,0.0,0,-0.6005605831912281,0,0,-0.2675965135082596,-0.09376310644613792,-0.31333073170002107
0,0.33,1,0.0,0,-0.6005605831912281,0,1,-0.2675965135082596,-0.0937850999831055,-0.5106738965510311
0,0.0,1,0.0,0,-0.6005605831912281,0,1,-0.2675965135082596,-0.09380489416637633,-0.46488155995576913
0,0.71,0,0.0,0,-0.6005605831912281,0,1,-0.2675965135082596,-0.0938059938432247,-0.5270283024779104
0,0.5,1,0.0,0,-0.6005605831912281,0,0,-0.2675965135082596,-0.09379169804419578,-0.5063127216371966
1,0.25,1,0.0,0,-0.5474682808478704,0,1,-0.25514895788426845,-0.09361025136421319,-0.30678896932926936
1,0.33,1,0.0,0,-0.6005605831912281,0,0,-0.24270140226027728,-0.09369162745099326,-0.2228363522379557
0,0.5,1,0.33,0,-0.6005605831912281,0,0,-0.2601279801338649,-0.09376310644613792,-0.4201795170889657
0,0.29,1,0.0,0,-0.6005605831912281,0,0,-0.22029580213709324,-0.09372571743329301,-0.5455632958617069
0,0.09,1,0.0,0,-0.6005605831912281,0,0,-0.2675965135082596,-0.0937752028914701,-0.459430091313476
0,0.25,1,0.0,0,-0.6005605831912281,0,1,-0.2675965135082596,-0.09381039255061822,-0.542292414676331
1,0.13,1,0.0,0,-0.6005605831912281,0,1,-0.24768042450987374,-0.09376640547668305,-0.48232625961110703
0,0.33,1,0.33,1,-0.06963755975765067,0,0,-0.2626174912586631,-0.09375210967765413,-0.22392664596641432
1,0.14,2,0.0,0,-0.6005605831912281,0,0,-0.24270140226027728,-0.09373671420177682,-0.4561592101281002
1,0.0,3,0.0,0,-0.6005605831912281,0,0,-0.19540069088911094,-0.09367623197511595,-0.1879469529272799
0,0.0,2,0.0,0,-0.6005605831912281,0,0,-0.2675965135082596,-0.0937905983673474,-0.5008612529949036
0,0.4,1,0.0,0,-0.6005605831912281,0,1,-0.2675965135082596,-0.09378400030625712,-0.4583397975850174
1,0.0,1,0.0,0,-0.6005605831912281,0,0,-0.2626174912586631,-0.09377190386092495,-0.4060056986190037
1,0.4,1,0.4,1,-0.6005605831912281,0,1,-0.2601279801338649,-0.09367953100566108,-0.3896512926921244
1,0.1,1,0.0,0,-0.6005605831912281,0,1,-0.25514895788426845,-0.09380379448952796,-0.528118596206369
0,0.43,1,0.4,0,-0.6005605831912281,0,0,-0.2675965135082596,-0.09377300353777333,-0.5259380087494518
1,0.0,3,0.0,0,3.328269790217245,0,0,-0.11075731264597118,-0.09351128044785904,-0.23264899579408327
1,0.44,2,0.0,0,-0.6005605831912281,0,0,-0.26510700238346135,-0.09375210967765413,-0.40491540489054506
1,0.33,0,0.0,0,0.7267469753927155,0,1,-0.2576384690090667,-0.09291085688864394,0.11951587849805069
1,0.0,3,0.0,0,-0.6005605831912281,0,0,-0.1829531352651198,-0.09372021904905112,-0.4736039097834381
1,0.38,2,0.0,0,-0.5474682808478704,0,0,-0.2675965135082596,-0.09376640547668305,-0.30024720695851764
1,0.4,0,0.0,0,-0.6005605831912281,0,1,-0.2675965135082596,-0.09378729933680226,-0.47142332232652084
1,0.33,1,0.0,0,-0.6005605831912281,0,0,-0.2526594467594702,-0.09374551161656385,-0.5128544840079484
1,0.12,1,0.0,0,-0.6005605831912281,0,0,-0.2626174912586631,-0.09369822551208354,-0.4354436292873864
1,0.29,0,0.0,0,-0.6005605831912281,0,1,-0.250169935634672,-0.09317697868595173,-0.03748641839999045
0,0.57,2,0.4,0,-0.6005605831912281,0,0,-0.2675965135082596,-0.09378949869049902,-0.536840946034038
1,0.0,0,0.0,0,-0.6005605831912281,0,1,-0.2675965135082596,-0.09373781387862519,-0.3787483554075382
1,0.0,1,0.0,0,-0.6005605831912281,0,1,-0.25514895788426845,-0.09346949272762063,0.42043694755262956
1,0.0,1,0.0,1,0.3020085566458536,0,1,-0.2675965135082596,-0.09379279772104415,-0.5357506523055794
0,0.0,1,0.0,0,-0.6005605831912281,0,0,-0.2675965135082596,-0.09379389739789254,-0.5499244707755414
1,0.07,1,0.0,0,-0.6005605831912281,0,1,-0.2675965135082596,-0.0937587077387444,-0.4474368603004312
1,0.0,1,0.0,1,-0.6005605831912281,0,0,-0.2576384690090667,-0.09371362098796085,-0.48777772825340016
1,0.27,1,0.0,0,-0.6005605831912281,0,1,-0.26510700238346135,-0.09375430903135087,-0.4899583157103174
1,0.0,2,0.0,0,-0.6005605831912281,0,0,-0.20286922426350565,-0.09325505574218666,1.9860987416192066
1,0.36,1,0.0,0,-0.6005605831912281,0,0,-0.2451909133850755,-0.0936355439317259,-0.08218846126679383
1,0.29,1,0.33,0,-0.6005605831912281,0,1,-0.2576384690090667,-0.09372571743329301,0.8292970957246117
1,0.83,1,0.0,0,0.2489162543024958,0,0,-0.2576384690090667,-0.09374331226286708,-0.47142332232652084
0,0.67,1,0.0,0,-0.6005605831912281,0,1,-0.2675965135082596,-0.09380269481267957,-0.5390215334909553
1,0.38,1,0.33,0,-0.6005605831912281,0,1,-0.2675965135082596,-0.09379829610528605,-0.48886802198185875
0,0.58,1,0.0,0,-0.6005605831912281,0,0,-0.2675965135082596,-0.09375650838504763,-0.5302991836632863
0,0.0,1,0.0,0,-0.6005605831912281,0,0,-0.2675965135082596,-0.09379389739789254,0.09443912274350245
1,0.2,2,0.0,0,-0.6005605831912281,0,0,-0.26510700238346135,-0.09380929287376985,-0.5444730021332483
0,0.0,1,0.0,0,-0.6005605831912281,0,0,-0.2675965135082596,-0.09379169804419578,-0.5531953519609173
0,0.29,2,0.0,0,-0.6005605831912281,0,0,-0.2675965135082596,-0.09379389739789254,-0.5531953519609173
1,0.25,1,0.0,0,0.9656623359378255,0,0,-0.19789020201390917,-0.09341670823889843,1.615398873943276
0,0.25,1,0.0,0,-0.6005605831912281,0,0,-0.2675965135082596,-0.09378839901365064,-0.5466535895901655
0,0.0,1,0.0,0,-0.4412836761611549,0,0,-0.26510700238346135,-0.09375540870819926,-0.5193962463787001
0,0.0,1,0.0,0,-0.6005605831912281,0,0,-0.2675965135082596,-0.0937477109702606,-0.47142332232652084
0,0.31,1,0.0,0,-0.6005605831912281,0,0,-0.2626174912586631,-0.09379719642843767,-0.5379312397624966
1,0.67,1,0.0,0,-0.6005605831912281,0,0,-0.2626174912586631,-0.09357066299767153,0.3092269872498504
0,0.33,1,0.25,0,-0.6005605831912281,0,0,-0.2451909133850755,-0.09372461775644464,-0.4474368603004312
0,0.47,1,0.0,0,-0.6005605831912281,0,0,-0.26510700238346135,-0.09379279772104415,-0.5292088899348276
0,0.36,1,0.0,0,-0.6005605831912281,0,0,-0.24768042450987374,-0.09376750515353144,-0.5357506523055794
0,0.0,1,0.0,0,-0.6005605831912281,0,0,-0.2675965135082596,-0.09379389739789254,-0.5531953519609173
0,0.4,0,0.0,0,-0.6005605831912281,0,0,-0.2675965135082596,-0.09377740224516684,-0.5019515467233622
0,0.33,1,0.0,0,-0.6005605831912281,0,0,-0.2675965135082596,-0.09371692001850598,0.14132175306722308
0,0.33,1,0.0,0,-0.6005605831912281,0,0,-0.2675965135082596,-0.09372571743329301,0.26016376946921255
0,0.55,2,0.0,0,-0.6005605831912281,0,0,-0.2675965135082596,-0.09375650838504763,-0.46488155995576913
0,0.27,1,0.27,1,-0.6005605831912281,0,0,-0.2675965135082596,-0.09379279772104415,-0.528118596206369
0,0.44,1,0.0,0,-0.6005605831912281,0,0,-0.2675965135082596,-0.0938015951358312,-0.5477438833186242
0,0.44,1,0.0,0,-0.6005605831912281,0,0,-0.2626174912586631,-0.09377300353777333,-0.5302991836632863
0,0.47,1,0.0,0,-0.6005605831912281,0,0,-0.2626174912586631,-0.09376090709244116,-0.4637912662273105
0,0.33,1,0.0,0,-0.6005605831912281,0,0,-0.2675965135082596,-0.09375650838504763,-0.5542856456893759
0,0.0,2,0.0,0,-0.6005605831912281,0,0,-0.2675965135082596,-0.09379389739789254,-0.5488341770470828
0,0.25,1,0.0,0,-0.6005605831912281,0,0,-0.2675965135082596,-0.09370922228056733,-0.11489727312055241
1,0.91,1,0.0,0,-0.6005605831912281,0,0,-0.2675965135082596,-0.09372791678698977,-0.5259380087494518
0,0.44,1,0.0,0,-0.6005605831912281,0,0,-0.2675965135082596,-0.09379939578213443,-0.5542856456893759
1,0.12,1,0.0,0,-0.5740144320195493,0,0,-0.2675965135082596,-0.0937850999831055,-0.5259380087494518
0,0.2,1,0.0,0,-0.6005605831912281,0,0,-0.2675965135082596,-0.09378619965995388,-0.542292414676331
0,0.24,2,0.0,0,-0.6005605831912281,0,0,-0.2675965135082596,-0.09374991032395737,-0.5041321341802795
0,0.27,1,0.0,0,-0.6005605831912281,0,0,-0.2675965135082596,-0.09379279772104415,-0.5542856456893759
0,0.25,1,0.0,0,-0.6005605831912281,0,0,-0.2675965135082596,-0.09380269481267957,-0.5324797711202035
0,0.28,1,0.24,0,-0.6005605831912281,0,0,-0.2675965135082596,-0.09371582034165761,-0.5542856456893759
0,0.38,1,0.0,0,-0.6005605831912281,0,0,-0.2675965135082596,-0.09380709352007309,-0.542292414676331
0,0.57,2,0.0,0,-0.6005605831912281,0,0,-0.2675965135082596,-0.09379719642843767,-0.5215768338356174
1,0.44,1,0.0,0,-0.6005605831912281,0,0,-0.26510700238346135,-0.09379499707474091,-0.4932291968956932
0,0.47,1,0.0,0,-0.6005605831912281,0,0,-0.2675965135082596,-0.09378400030625712,-0.5302991836632863
0,0.0,2,0.0,0,-0.6005605831912281,0,0,-0.2675965135082596,-0.0937532093545025,-0.5531953519609173
0,0.44,1,0.0,0,-0.6005605831912281,0,0,-0.26510700238346135,-0.09379279772104415,-0.5248477150209931
0,0.44,1,0.0,0,-0.6005605831912281,0,0,-0.2576384690090667,-0.09379169804419578,-0.5324797711202035
0,0.57,2,0.0,0,-0.6005605831912281,0,0,-0.2675965135082596,-0.09375540870819926,-0.5008612529949036
0,0.54,1,0.0,0,-0.6005605831912281,0,0,-0.25514895788426845,-0.09366083649923863,0.5676266008945431
1,0.43,1,0.0,0,-0.6005605831912281,0,0,-0.24270140226027728,-0.0936146500716067,0.9906605675364873
0,0.89,0,0.0,0,-0.6005605831912281,0,0,-0.26510700238346135,-0.09375540870819926,-0.5117641902794897
1,0.38,1,0.0,0,-0.6005605831912281,0,0,-0.2626174912586631,-0.0935827594430037,2.090766939551234
0,0.36,1,0.0,0,-0.6005605831912281,0,1,-0.2675965135082596,-0.0936146500716067,0.3484775614743607
0,0.0,1,0.0,1,-0.6005605831912281,0,0,-0.2675965135082596,-0.09379279772104415,-0.5259380087494518
0,0.14,1,0.0,0,-0.6005605831912281,0,0,-0.2675965135082596,-0.09375650838504763,-0.5521050582324587
0,0.2,1,0.33,0,-0.6005605831912281,0,0,-0.2626174912586631,-0.09375650838504763,-0.5412021209478725
0,0.1,0,0.0,0,-0.6005605831912281,0,0,-0.2675965135082596,-0.09376970450722819,-0.5499244707755414
0,0.5,1,0.4,0,-0.6005605831912281,0,0,-0.2675965135082596,-0.09378729933680226,-0.5542856456893759
1,0.58,1,0.44,0,-0.6005605831912281,0,0,-0.21531677988749678,-0.09341890759259519,1.8181935074365794
0,0.44,2,0.0,0,-0.6005605831912281,0,0,-0.2675965135082596,-0.09375980741559278,-0.5499244707755414
0,0.22,1,0.33,0,-0.6005605831912281,0,0,-0.2675965135082596,-0.09375650838504763,-0.5542856456893759
0,0.0,1,0.0,0,-0.6005605831912281,0,0,-0.2675965135082596,-0.09375650838504763,-0.491048609438776
0,0.0,1,0.0,0,-0.6005605831912281,0,0,-0.2675965135082596,-0.09376200676928953,-0.5052224279087381
0,0.13,2,0.0,0,-0.6005605831912281,0,0,-0.2675965135082596,-0.09376420612298629,-0.29261515085930734
0,0.38,1,0.33,0,-0.6005605831912281,0,0,-0.2675965135082596,-0.0937587077387444,-0.5444730021332483
0,0.1,2,0.0,0,-0.6005605831912281,0,0,-0.2675965135082596,-0.09375760806189602,-0.5531953519609173
1,0.91,1,0.0,0,-0.6005605831912281,0,0,-0.2675965135082596,-0.09372791678698977,-0.5259380087494518
0,0.08,1,0.0,0,-0.6005605831912281,0,0,-0.2675965135082596,-0.0936839297130546,-0.23919075816483498
0,0.88,1,1.0,0,-0.6005605831912281,0,0,-0.25514895788426845,-0.09375210967765413,-0.48232625961110703
0,0.67,1,0.0,0,-0.6005605831912281,0,0,-0.2675965135082596,-0.0937752028914701,-0.5292088899348276
0,0.44,1,0.0,0,-0.6005605831912281,0,0,-0.2675965135082596,-0.09376750515353144,-0.38747070523520716
0,0.18,1,0.0,0,-0.6005605831912281,0,0,-0.2675965135082596,-0.09047507266948371,0.7050036106803291
0,0.25,1,0.0,0,-0.6005605831912281,0,0,-0.2675965135082596,-0.09050806297493509,0.3452066802889848
0,0.88,1,1.0,0,-0.6005605831912281,0,0,-0.26510700238346135,-0.09377300353777333,-0.5150350714648656
0,0.36,1,0.0,0,-0.6005605831912281,0,0,-0.17548460189072512,-0.09357066299767153,1.111683171395394
1,0.33,2,0.22,0,-0.6005605831912281,0,0,-0.24768042450987374,-0.09357946041245857,1.1280375773222735
1,0.2,2,0.0,0,-0.09618371092932954,0,0,-0.2576384690090667,-0.0921729737233814,3.496155555534394
0,0.5,1,0.5,1,-0.6005605831912281,0,0,-0.2675965135082596,-0.09379939578213443,-0.5521050582324587
0,0.33,1,0.0,0,-0.6005605831912281,0,0,-0.19789020201390917,-0.09358935750409399,0.3310328618190228
0,0.0,2,0.0,0,-0.6005605831912281,0,0,-0.2675965135082596,-0.09342440597683709,2.3491665531959267
0,0.43,1,0.0,0,-0.6005605831912281,0,0,-0.2675965135082596,-0.0937532093545025,-0.536840946034038
0,0.25,1,0.18,0,-0.6005605831912281,0,0,-0.2526594467594702,-0.09363884296227105,-0.09309139855138003
0,0.43,2,0.0,0,-0.6005605831912281,0,0,-0.23772238001068083,-0.09371692001850598,-0.034215537214614594
0,0.24,1,0.0,0,-0.6005605831912281,0,0,-0.2675965135082596,-0.09377190386092495,-0.5128544840079484
0,0.44,1,0.0,0,-0.6005605831912281,0,0,-0.2675965135082596,-0.09374991032395737,-0.5237574212925346
0,0.27,2,0.0,0,0.5409239171909634,0,1,-0.2675965135082596,-0.09379279772104415,-0.49868066553798635
0,0.38,1,0.0,0,-0.6005605831912281,0,0,-0.2675965135082596,-0.09376310644613792,-0.4583397975850174
0,0.4,1,0.0,0,-0.6005605831912281,0,0,-0.2626174912586631,-0.09370372389632543,-0.10944580447825931
0,0.57,1,0.57,1,-0.6005605831912281,0,0,-0.2626174912586631,-0.09377300353777333,-0.43217274810201056
0,0.0,1,0.0,1,-0.6005605831912281,0,0,-0.2675965135082596,-0.09123055066432031,7.374330347661703
0,0.25,1,0.0,0,-0.6005605831912281,0,0,-0.2675965135082596,-0.09375650838504763,-0.45070774148580706
1,0.19,0,0.0,0,-0.6005605831912281,0,1,-0.2626174912586631,-0.09380819319692146,-0.49431949062415187
0,0.46,1,0.46,1,-0.6005605831912281,0,0,-0.2626174912586631,-0.09376640547668305,-0.5335700648486621
0,0.46,1,0.0,0,-0.6005605831912281,0,1,-0.2675965135082596,-0.09344529983695629,0.8990758943459634
0,0.73,1,0.0,0,-0.6005605831912281,0,0,-0.2675965135082596,-0.09379499707474091,0.036653555135195644
1,0.6,1,0.5,0,-0.6005605831912281,0,0,-0.23772238001068083,-0.09373891355547356,-0.3776580616790796
1,0.46,1,0.5,0,-0.6005605831912281,0,0,-0.26510700238346135,-0.09378839901365064,-0.4975903718095277
0,0.31,1,0.31,1,-0.6005605831912281,0,0,-0.2675965135082596,-0.09378180095256036,-0.5248477150209931
1,0.43,1,0.43,0,-0.6005605831912281,0,0,-0.2675965135082596,-0.09373121581753492,-0.08109816753833521
1,0.0,1,0.0,0,-0.6005605831912281,0,0,-0.26510700238346135,-0.09374991032395737,-0.5521050582324587
1,0.5,1,0.4,0,0.27546240547417467,0,0,-0.23772238001068083,-0.09372571743329301,-0.43653392301584504
1,0.0,4,0.25,0,-0.6005605831912281,0,1,-0.1207153571451641,-0.09377630256831847,-0.3198724940707728
0,0.86,2,0.18,0,-0.6005605831912281,0,0,-0.2675965135082596,-0.0937477109702606,-0.4125474609897554
0,0.62,1,0.0,0,-0.6005605831912281,0,1,-0.2675965135082596,-0.09374661129341222,-0.17595372191423508
1,0.33,2,0.0,0,-0.6005605831912281,0,0,-0.21033775763790033,-0.0937587077387444,-0.4027348174336278
1,0.16,1,0.12,0,0.5409239171909634,0,0,-0.2601279801338649,-0.09377630256831847,-0.513944777736407
1,0.92,1,1.0,0,-0.6005605831912281,0,0,-0.24021189113547906,-0.0937048235731738,-0.2904345634023901
1,0.27,1,0.0,0,-0.09618371092932954,0,0,-0.24768042450987374,-0.09367183326772242,0.3833669607850365
1,0.25,1,0.0,0,-0.6005605831912281,0,1,-0.013666378778840263,-0.09376750515353144,-0.3046083818723521
1,0.43,1,0.0,0,-0.46782982733283374,0,0,-0.2526594467594702,-0.09373781387862519,-0.3787483554075382
1,0.31,3,0.0,0,-0.6005605831912281,0,0,-0.20535873538830388,-0.09371472066480922,0.20673937677474022
1,0.2,1,0.0,0,0.1427316496157803,0,0,-0.2675965135082596,-0.09379389739789254,-0.48450684706802427
1,0.55,1,0.44,0,-0.6005605831912281,0,0,-0.18544264638991803,-0.09362784619378725,0.09552941647196107
1,0.38,1,0.33,0,-0.04309140858597179,0,0,-0.15805802401713753,-0.09373781387862519,-0.4725136160549795
1,0.57,2,0.0,0,-0.6005605831912281,0,0,-0.2576384690090667,-0.0937048235731738,-0.18467607174190404
1,0.57,1,0.0,0,-0.3085529203027605,0,0,-0.2675965135082596,-0.0937477109702606,-0.47469420351189673
1,0.27,1,0.0,0,-0.6005605831912281,0,0,-0.2626174912586631,-0.09364544102336132,-0.023312599930028405
